lote;documento;seq;data;historico;valor;tipo;centro_custo
2026-08-01;NF-10021;1;2026-08-03;VENDA MERCADORIA MERCADO INTERNO;15400.00;C;COM
2026-08-01;NF-10021;2;2026-08-03;VENDA MERCADORIA MERCADO INTERNO;15400.00;D;COM
2026-08-01;NF-10022;1;2026-08-04;VENDA MERCADORIA MERCADO INTERNO;8250.50;C;COM
2026-08-01;NF-10022;2;2026-08-04;VENDA MERCADORIA MERCADO INTERNO;8250.50;D;COM
2026-08-02;PG-4471;1;2026-08-05;PAGAMENTO FORNECEDOR MATERIA PRIMA;22100.00;D;IND
2026-08-02;PG-4471;2;2026-08-05;PAGAMENTO FORNECEDOR MATERIA PRIMA;22100.00;C;IND
2026-08-02;PG-4472;1;2026-08-06;PAGAMENTO FORNECEDOR MATERIA PRIMA;5000.00;D;IND
2026-08-02;PG-4472;2;2026-08-06;PAGAMENTO FORNECEDOR MATERIA PRIMA;5000.00;C;IND
2026-08-03;FL-0801;1;2026-08-05;FOLHA DE PAGAMENTO ADMINISTRATIVO;31800.00;D;ADM
2026-08-03;FL-0801;2;2026-08-05;FOLHA DE PAGAMENTO ADMINISTRATIVO;31800.00;C;ADM
2026-08-04;DP-0812;1;2026-08-12;DEPRECIACAO MAQUINAS TECELAGEM;4120.00;D;IND
2026-08-04;DP-0812;2;2026-08-12;DEPRECIACAO MAQUINAS TECELAGEM;4120.00;C;IND
2026-08-05;AD-9001;1;2026-08-20;ADIANTAMENTO EVENTO PATROCINIO FEIRA;2750.00;D;COM
2026-08-05;AD-9001;2;2026-08-20;ADIANTAMENTO EVENTO PATROCINIO FEIRA;2750.00;C;COM
